{
  "project_info": {
    "project_number": "615606779758",
    "project_id": "medisane-a3738",
    "storage_bucket": "medisane-a3738.appspot.com"
  },
  "client": [
    {
      "client_info": {
        "mobilesdk_app_id": "1:615606779758:android:7b10c36fe387adf66e0b7f",
        "android_client_info": {
          "package_name": "com.example.medisanedemo"
        }
      },
      "oauth_client": [],
      "api_key": [
        {
          "current_key": "AIzaSyCLsQfSmfUOM4lRHkbMbkpb3UbQoGOrz-c"
        }
      ],
      "services": {
        "appinvite_service": {
          "other_platform_oauth_client": []
        }
      }
    }
  ],
  "configuration_version": "1"
}